Time;Что-то
27.07.2022 15:15;718
27.07.2022 15:30;665
27.07.2022 15:45;637
27.07.2022 16:00;661
27.07.2022 16:15;668
27.07.2022 16:30;687
27.07.2022 16:45;692
27.07.2022 17:00;640
27.07.2022 17:15;680
27.07.2022 17:30;678
27.07.2022 17:45;632
27.07.2022 18:00;661
27.07.2022 18:15;653
27.07.2022 18:30;560
27.07.2022 18:45;580
27.07.2022 19:00;614
27.07.2022 19:15;604
27.07.2022 19:30;604
27.07.2022 19:45;529
27.07.2022 20:00;475
27.07.2022 20:15;478
27.07.2022 20:30;447
27.07.2022 20:45;446
27.07.2022 21:00;619
27.07.2022 21:15;504
27.07.2022 21:30;206
27.07.2022 21:45;154
27.07.2022 22:00;130
27.07.2022 22:15;80
27.07.2022 22:30;38
27.07.2022 22:45;37
27.07.2022 23:00;23
27.07.2022 23:15;
27.07.2022 23:30;
27.07.2022 23:45;
28.07.2022 0:00;
28.07.2022 0:15;
28.07.2022 0:30;
28.07.2022 0:45;
28.07.2022 1:00;
28.07.2022 1:15;1
28.07.2022 1:30;1
28.07.2022 1:45;2
28.07.2022 2:00;3
28.07.2022 2:15;3
28.07.2022 2:30;10
28.07.2022 2:45;16
28.07.2022 3:00;14
28.07.2022 3:15;13
28.07.2022 3:30;28
28.07.2022 3:45;39
28.07.2022 4:00;36
28.07.2022 4:15;36
28.07.2022 4:30;48
28.07.2022 4:45;53
28.07.2022 5:00;50
28.07.2022 5:15;77
28.07.2022 5:30;106
28.07.2022 5:45;92
28.07.2022 6:00;83
28.07.2022 6:15;106
28.07.2022 6:30;110
28.07.2022 6:45;111
28.07.2022 7:00;122
28.07.2022 7:15;128
28.07.2022 7:30;139
28.07.2022 7:45;152
28.07.2022 8:00;160
28.07.2022 8:15;205
28.07.2022 8:30;248
28.07.2022 8:45;259
28.07.2022 9:00;275
28.07.2022 9:15;350
28.07.2022 9:30;463
28.07.2022 9:45;478
28.07.2022 10:00;486
28.07.2022 10:15;642
28.07.2022 10:30;739
28.07.2022 10:45;683
28.07.2022 11:00;672
28.07.2022 11:15;690
28.07.2022 11:30;706
28.07.2022 11:45;724
28.07.2022 12:00;770
28.07.2022 12:15;764
28.07.2022 12:30;751
28.07.2022 12:45;802
28.07.2022 13:00;818
28.07.2022 13:15;780
28.07.2022 13:30;735
28.07.2022 13:45;774
28.07.2022 14:00;794
28.07.2022 14:15;713
28.07.2022 14:30;678
28.07.2022 14:45;743
28.07.2022 15:00;742
28.07.2022 15:15;680
28.07.2022 15:30;650
28.07.2022 15:45;670
28.07.2022 16:00;713
28.07.2022 16:15;721
28.07.2022 16:30;675
28.07.2022 16:45;669
28.07.2022 17:00;640
28.07.2022 17:15;625
28.07.2022 17:30;687
28.07.2022 17:45;707
28.07.2022 18:00;705
28.07.2022 18:15;667
28.07.2022 18:30;616
28.07.2022 18:45;673
28.07.2022 19:00;720
28.07.2022 19:15;626
28.07.2022 19:30;610
28.07.2022 19:45;638
28.07.2022 20:00;620
28.07.2022 20:15;528
28.07.2022 20:30;403
28.07.2022 20:45;347
28.07.2022 21:00;315
28.07.2022 21:15;274
28.07.2022 21:30;231
28.07.2022 21:45;199
28.07.2022 22:00;143
28.07.2022 22:15;83
28.07.2022 22:30;30
28.07.2022 22:45;2
28.07.2022 23:00;
28.07.2022 23:15;
28.07.2022 23:30;
28.07.2022 23:45;
29.07.2022 0:00;
29.07.2022 0:15;
29.07.2022 0:30;
29.07.2022 0:45;
29.07.2022 1:00;
29.07.2022 1:15;
29.07.2022 1:30;1
29.07.2022 1:45;4
29.07.2022 2:00;6
29.07.2022 2:15;7
29.07.2022 2:30;16
29.07.2022 2:45;16
29.07.2022 3:00;7
29.07.2022 3:15;15
29.07.2022 3:30;23
29.07.2022 3:45;29
29.07.2022 4:00;32
29.07.2022 4:15;32
29.07.2022 4:30;44
29.07.2022 4:45;49
29.07.2022 5:00;40
29.07.2022 5:15;43
29.07.2022 5:30;58
29.07.2022 5:45;83
29.07.2022 6:00;96
29.07.2022 6:15;83
29.07.2022 6:30;78
29.07.2022 6:45;98
29.07.2022 7:00;119
29.07.2022 7:15;103
29.07.2022 7:30;118
29.07.2022 7:45;152
29.07.2022 8:00;150
29.07.2022 8:15;199
29.07.2022 8:30;277
29.07.2022 8:45;310
29.07.2022 9:00;287
29.07.2022 9:15;253
29.07.2022 9:30;348
29.07.2022 9:45;483
29.07.2022 10:00;513
29.07.2022 10:15;556
29.07.2022 10:30;709
29.07.2022 10:45;777
29.07.2022 11:00;748
29.07.2022 11:15;779
29.07.2022 11:30;733
29.07.2022 11:45;697
29.07.2022 12:00;750
29.07.2022 12:15;735
29.07.2022 12:30;744
29.07.2022 12:45;822
29.07.2022 13:00;796
29.07.2022 13:15;774
29.07.2022 13:30;768
29.07.2022 13:45;628
29.07.2022 14:00;677
29.07.2022 14:15;786
29.07.2022 14:30;754
29.07.2022 14:45;830
29.07.2022 15:00;798
29.07.2022 15:15;736
29.07.2022 15:30;745
29.07.2022 15:45;733
29.07.2022 16:00;701
29.07.2022 16:15;676
29.07.2022 16:30;645
29.07.2022 16:45;646
29.07.2022 17:00;692
29.07.2022 17:15;683
29.07.2022 17:30;659
29.07.2022 17:45;661
29.07.2022 18:00;733
29.07.2022 18:15;709
29.07.2022 18:30;663
29.07.2022 18:45;668
29.07.2022 19:00;731
29.07.2022 19:15;779
29.07.2022 19:30;618
29.07.2022 19:45;568
29.07.2022 20:00;640
29.07.2022 20:15;538
29.07.2022 20:30;415
29.07.2022 20:45;389
29.07.2022 21:00;358
29.07.2022 21:15;263
29.07.2022 21:30;203
29.07.2022 21:45;182
29.07.2022 22:00;151
29.07.2022 22:15;103
29.07.2022 22:30;39
29.07.2022 22:45;9
29.07.2022 23:00;3
29.07.2022 23:15;
29.07.2022 23:30;1
29.07.2022 23:45;1
30.07.2022 0:00;
30.07.2022 0:15;
30.07.2022 0:30;1
30.07.2022 0:45;1
30.07.2022 1:00;
30.07.2022 1:15;1
30.07.2022 1:30;4
30.07.2022 1:45;4
30.07.2022 2:00;2
30.07.2022 2:15;2
30.07.2022 2:30;5
30.07.2022 2:45;5
30.07.2022 3:00;6
30.07.2022 3:15;18
30.07.2022 3:30;24
30.07.2022 3:45;25
30.07.2022 4:00;32
30.07.2022 4:15;43
30.07.2022 4:30;59
30.07.2022 4:45;47
30.07.2022 5:00;37
30.07.2022 5:15;55
30.07.2022 5:30;72
30.07.2022 5:45;92
30.07.2022 6:00;83
30.07.2022 6:15;85
30.07.2022 6:30;102
30.07.2022 6:45;111
30.07.2022 7:00;111
30.07.2022 7:15;110
30.07.2022 7:30;127
30.07.2022 7:45;139
30.07.2022 8:00;156
30.07.2022 8:15;200
30.07.2022 8:30;231
30.07.2022 8:45;254
30.07.2022 9:00;285
30.07.2022 9:15;321
30.07.2022 9:30;400
30.07.2022 9:45;453
30.07.2022 10:00;479
30.07.2022 10:15;537
30.07.2022 10:30;613
30.07.2022 10:45;693
30.07.2022 11:00;711
30.07.2022 11:15;732
30.07.2022 11:30;751
30.07.2022 11:45;789
30.07.2022 12:00;798
30.07.2022 12:15;707
30.07.2022 12:30;710
30.07.2022 12:45;891
30.07.2022 13:00;921
30.07.2022 13:15;729
30.07.2022 13:30;722
30.07.2022 13:45;766
30.07.2022 14:00;740
30.07.2022 14:15;794
30.07.2022 14:30;782
30.07.2022 14:45;688
30.07.2022 15:00;662
30.07.2022 15:15;680
30.07.2022 15:30;696
30.07.2022 15:45;672
30.07.2022 16:00;622
30.07.2022 16:15;708
30.07.2022 16:30;689
30.07.2022 16:45;556
30.07.2022 17:00;559
30.07.2022 17:15;594
30.07.2022 17:30;697
30.07.2022 17:45;670
30.07.2022 18:00;576
30.07.2022 18:15;535
30.07.2022 18:30;538
30.07.2022 18:45;575
30.07.2022 19:00;542
30.07.2022 19:15;606
30.07.2022 19:30;567
30.07.2022 19:45;464
30.07.2022 20:00;448
30.07.2022 20:15;377
30.07.2022 20:30;342
30.07.2022 20:45;327
30.07.2022 21:00;293
30.07.2022 21:15;240
30.07.2022 21:30;194
30.07.2022 21:45;193
30.07.2022 22:00;164
30.07.2022 22:15;85
30.07.2022 22:30;29
30.07.2022 22:45;10
30.07.2022 23:00;6
30.07.2022 23:15;5
30.07.2022 23:30;1
30.07.2022 23:45;
31.07.2022 0:00;
31.07.2022 0:15;
31.07.2022 0:30;
31.07.2022 0:45;
31.07.2022 1:00;
31.07.2022 1:15;1
31.07.2022 1:30;3
31.07.2022 1:45;3
31.07.2022 2:00;4
31.07.2022 2:15;6
31.07.2022 2:30;11
31.07.2022 2:45;13
31.07.2022 3:00;16
31.07.2022 3:15;22
31.07.2022 3:30;27
31.07.2022 3:45;30
31.07.2022 4:00;34
31.07.2022 4:15;46
31.07.2022 4:30;49
31.07.2022 4:45;40
31.07.2022 5:00;48
31.07.2022 5:15;50
31.07.2022 5:30;53
31.07.2022 5:45;73
31.07.2022 6:00;60
31.07.2022 6:15;64
31.07.2022 6:30;99
31.07.2022 6:45;102
31.07.2022 7:00;102
31.07.2022 7:15;111
31.07.2022 7:30;109
31.07.2022 7:45;119
31.07.2022 8:00;126
31.07.2022 8:15;128
31.07.2022 8:30;209
31.07.2022 8:45;267
31.07.2022 9:00;245
31.07.2022 9:15;308
31.07.2022 9:30;370
31.07.2022 9:45;399
31.07.2022 10:00;453
31.07.2022 10:15;528
31.07.2022 10:30;628
31.07.2022 10:45;672
31.07.2022 11:00;710
31.07.2022 11:15;744
31.07.2022 11:30;730
31.07.2022 11:45;775
31.07.2022 12:00;833
31.07.2022 12:15;807
31.07.2022 12:30;779
31.07.2022 12:45;795
31.07.2022 13:00;836
31.07.2022 13:15;762
31.07.2022 13:30;705
31.07.2022 13:45;788
31.07.2022 14:00;782
31.07.2022 14:15;737
31.07.2022 14:30;714
31.07.2022 14:45;713
31.07.2022 15:00;746
31.07.2022 15:15;770
31.07.2022 15:30;723
31.07.2022 15:45;751
31.07.2022 16:00;761
31.07.2022 16:15;704
31.07.2022 16:30;751
31.07.2022 16:45;720
31.07.2022 17:00;716
31.07.2022 17:15;630
31.07.2022 17:30;644
31.07.2022 17:45;771
31.07.2022 18:00;683
31.07.2022 18:15;666
31.07.2022 18:30;741
31.07.2022 18:45;722
31.07.2022 19:00;633
31.07.2022 19:15;619
31.07.2022 19:30;611
31.07.2022 19:45;541
31.07.2022 20:00;546
31.07.2022 20:15;561
31.07.2022 20:30;542
31.07.2022 20:45;494
31.07.2022 21:00;425
31.07.2022 21:15;441
31.07.2022 21:30;422
31.07.2022 21:45;316
31.07.2022 22:00;251
31.07.2022 22:15;164
31.07.2022 22:30;71
31.07.2022 22:45;44
31.07.2022 23:00;23
31.07.2022 23:15;7
31.07.2022 23:30;
31.07.2022 23:45;1
01.08.2022 0:00;1
01.08.2022 0:15;2
01.08.2022 0:30;3
01.08.2022 0:45;1
01.08.2022 1:00;
01.08.2022 1:15;3
01.08.2022 1:30;6
01.08.2022 1:45;4
01.08.2022 2:00;5
01.08.2022 2:15;6
01.08.2022 2:30;7
01.08.2022 2:45;13
01.08.2022 3:00;11
01.08.2022 3:15;18
01.08.2022 3:30;32
01.08.2022 3:45;35
01.08.2022 4:00;38
01.08.2022 4:15;42
01.08.2022 4:30;51
01.08.2022 4:45;65
01.08.2022 5:00;63
01.08.2022 5:15;60
01.08.2022 5:30;76
01.08.2022 5:45;87
01.08.2022 6:00;81
01.08.2022 6:15;89
01.08.2022 6:30;127
01.08.2022 6:45;135
01.08.2022 7:00;126
01.08.2022 7:15;136
01.08.2022 7:30;133
01.08.2022 7:45;151
01.08.2022 8:00;172
01.08.2022 8:15;194
01.08.2022 8:30;229
01.08.2022 8:45;277
01.08.2022 9:00;316
01.08.2022 9:15;354
01.08.2022 9:30;452
01.08.2022 9:45;525
01.08.2022 10:00;521
01.08.2022 10:15;560
01.08.2022 10:30;713
01.08.2022 10:45;778
01.08.2022 11:00;754
01.08.2022 11:15;730
01.08.2022 11:30;749
01.08.2022 11:45;776
01.08.2022 12:00;747
01.08.2022 12:15;710
01.08.2022 12:30;716
01.08.2022 12:45;751
01.08.2022 13:00;759
01.08.2022 13:15;744
01.08.2022 13:30;757
01.08.2022 13:45;742
01.08.2022 14:00;672
01.08.2022 14:15;659
01.08.2022 14:30;657
01.08.2022 14:45;688
01.08.2022 15:00;710
01.08.2022 15:15;681
01.08.2022 15:30;718
01.08.2022 15:45;709
01.08.2022 16:00;659
01.08.2022 16:15;658
01.08.2022 16:30;641
01.08.2022 16:45;649
01.08.2022 17:00;671
01.08.2022 17:15;583
01.08.2022 17:30;594
01.08.2022 17:45;673
01.08.2022 18:00;625
01.08.2022 18:15;591
01.08.2022 18:30;563
01.08.2022 18:45;559
01.08.2022 19:00;567
01.08.2022 19:15;585
01.08.2022 19:30;510
01.08.2022 19:45;408
01.08.2022 20:00;365
01.08.2022 20:15;320
01.08.2022 20:30;312
01.08.2022 20:45;293
01.08.2022 21:00;241
01.08.2022 21:15;201
01.08.2022 21:30;162
01.08.2022 21:45;155
01.08.2022 22:00;138
01.08.2022 22:15;62
01.08.2022 22:30;17
01.08.2022 22:45;8
01.08.2022 23:00;6
01.08.2022 23:15;8
01.08.2022 23:30;7
01.08.2022 23:45;1
02.08.2022 0:00;
02.08.2022 0:15;
02.08.2022 0:30;
02.08.2022 0:45;
02.08.2022 1:00;
02.08.2022 1:15;
02.08.2022 1:30;
02.08.2022 1:45;
02.08.2022 2:00;2
02.08.2022 2:15;3
02.08.2022 2:30;2
02.08.2022 2:45;1
02.08.2022 3:00;2
02.08.2022 3:15;3
02.08.2022 3:30;1
02.08.2022 3:45;
02.08.2022 4:00;2
02.08.2022 4:15;3
02.08.2022 4:30;3
02.08.2022 4:45;2
02.08.2022 5:00;5
02.08.2022 5:15;8
02.08.2022 5:30;10
02.08.2022 5:45;30
02.08.2022 6:00;72
02.08.2022 6:15;94
02.08.2022 6:30;96
02.08.2022 6:45;108
02.08.2022 7:00;111
02.08.2022 7:15;107
02.08.2022 7:30;133
02.08.2022 7:45;170
02.08.2022 8:00;181
02.08.2022 8:15;204
02.08.2022 8:30;255
02.08.2022 8:45;267
02.08.2022 9:00;251
02.08.2022 9:15;332
02.08.2022 9:30;446
02.08.2022 9:45;484
02.08.2022 10:00;507
02.08.2022 10:15;547
02.08.2022 10:30;630
02.08.2022 10:45;672
02.08.2022 11:00;685
02.08.2022 11:15;811
02.08.2022 11:30;695
02.08.2022 11:45;633
02.08.2022 12:00;766
02.08.2022 12:15;785
02.08.2022 12:30;770
02.08.2022 12:45;686
02.08.2022 13:00;680
02.08.2022 13:15;699
02.08.2022 13:30;726
02.08.2022 13:45;758
02.08.2022 14:00;748
02.08.2022 14:15;682
02.08.2022 14:30;717
02.08.2022 14:45;731
02.08.2022 15:00;610
02.08.2022 15:15;588
02.08.2022 15:30;611
02.08.2022 15:45;649
02.08.2022 16:00;607
02.08.2022 16:15;618
02.08.2022 16:30;656
02.08.2022 16:45;645
02.08.2022 17:00;683
02.08.2022 17:15;666
02.08.2022 17:30;616
02.08.2022 17:45;632
02.08.2022 18:00;751
02.08.2022 18:15;703
02.08.2022 18:30;564
02.08.2022 18:45;568
02.08.2022 19:00;598
02.08.2022 19:15;554
02.08.2022 19:30;490
02.08.2022 19:45;487
02.08.2022 20:00;451
02.08.2022 20:15;414
02.08.2022 20:30;430
02.08.2022 20:45;380
02.08.2022 21:00;339
02.08.2022 21:15;269
02.08.2022 21:30;164
02.08.2022 21:45;154
02.08.2022 22:00;126
02.08.2022 22:15;71
02.08.2022 22:30;40
02.08.2022 22:45;14
02.08.2022 23:00;1
02.08.2022 23:15;3
02.08.2022 23:30;2
02.08.2022 23:45;
03.08.2022 0:00;
03.08.2022 0:15;
03.08.2022 0:30;
03.08.2022 0:45;
03.08.2022 1:00;
03.08.2022 1:15;1
03.08.2022 1:30;4
03.08.2022 1:45;5
03.08.2022 2:00;3
03.08.2022 2:15;4
03.08.2022 2:30;8
03.08.2022 2:45;9
03.08.2022 3:00;13
03.08.2022 3:15;20
03.08.2022 3:30;22
03.08.2022 3:45;29
03.08.2022 4:00;32
03.08.2022 4:15;31
03.08.2022 4:30;32
03.08.2022 4:45;42
03.08.2022 5:00;45
03.08.2022 5:15;46
03.08.2022 5:30;85
03.08.2022 5:45;98
03.08.2022 6:00;88
03.08.2022 6:15;104
03.08.2022 6:30;105
03.08.2022 6:45;137
03.08.2022 7:00;174
03.08.2022 7:15;168
03.08.2022 7:30;146
03.08.2022 7:45;154
03.08.2022 8:00;148
03.08.2022 8:15;176
03.08.2022 8:30;253
03.08.2022 8:45;252
03.08.2022 9:00;249
03.08.2022 9:15;345
03.08.2022 9:30;445
03.08.2022 9:45;499
03.08.2022 10:00;512
03.08.2022 10:15;535
03.08.2022 10:30;675
03.08.2022 10:45;744
03.08.2022 11:00;788
03.08.2022 11:15;832
03.08.2022 11:30;787
03.08.2022 11:45;740
03.08.2022 12:00;797
03.08.2022 12:15;827
03.08.2022 12:30;742
03.08.2022 12:45;733
03.08.2022 13:00;808
03.08.2022 13:15;834
03.08.2022 13:30;790
03.08.2022 13:45;774
03.08.2022 14:00;713
03.08.2022 14:15;653
03.08.2022 14:30;688
03.08.2022 14:45;661
03.08.2022 15:00;644
03.08.2022 15:15;637
03.08.2022 15:30;539
03.08.2022 15:45;622
03.08.2022 16:00;719
03.08.2022 16:15;633
03.08.2022 16:30;642
03.08.2022 16:45;683
03.08.2022 17:00;674
03.08.2022 17:15;668
03.08.2022 17:30;655
03.08.2022 17:45;652
03.08.2022 18:00;668
03.08.2022 18:15;659
03.08.2022 18:30;582
03.08.2022 18:45;594
03.08.2022 19:00;577
03.08.2022 19:15;507
03.08.2022 19:30;493
03.08.2022 19:45;449
03.08.2022 20:00;430
03.08.2022 20:15;406
03.08.2022 20:30;355
03.08.2022 20:45;326
03.08.2022 21:00;323
03.08.2022 21:15;276
03.08.2022 21:30;199
03.08.2022 21:45;161
03.08.2022 22:00;108
03.08.2022 22:15;46
03.08.2022 22:30;16
03.08.2022 22:45;5
03.08.2022 23:00;2
03.08.2022 23:15;2
03.08.2022 23:30;1
03.08.2022 23:45;1
04.08.2022 0:00;1
04.08.2022 0:15;
04.08.2022 0:30;
04.08.2022 0:45;1
04.08.2022 1:00;2
04.08.2022 1:15;2
04.08.2022 1:30;2
04.08.2022 1:45;4
04.08.2022 2:00;7
04.08.2022 2:15;12
04.08.2022 2:30;17
04.08.2022 2:45;18
04.08.2022 3:00;16
04.08.2022 3:15;21
04.08.2022 3:30;35
04.08.2022 3:45;48
04.08.2022 4:00;45
04.08.2022 4:15;35
04.08.2022 4:30;56
04.08.2022 4:45;58
04.08.2022 5:00;45
04.08.2022 5:15;54
04.08.2022 5:30;72
04.08.2022 5:45;86
04.08.2022 6:00;87
04.08.2022 6:15;105
04.08.2022 6:30;118
04.08.2022 6:45;135
04.08.2022 7:00;148
04.08.2022 7:15;151
04.08.2022 7:30;170
04.08.2022 7:45;167
04.08.2022 8:00;161
04.08.2022 8:15;207
04.08.2022 8:30;293
04.08.2022 8:45;317
04.08.2022 9:00;300
04.08.2022 9:15;336
04.08.2022 9:30;438
04.08.2022 9:45;495
04.08.2022 10:00;511
04.08.2022 10:15;617
04.08.2022 10:30;682
04.08.2022 10:45;690
04.08.2022 11:00;619
04.08.2022 11:15;658
04.08.2022 11:30;761
04.08.2022 11:45;755
04.08.2022 12:00;615
04.08.2022 12:15;595
04.08.2022 12:30;767
04.08.2022 12:45;816
04.08.2022 13:00;805
04.08.2022 13:15;759
04.08.2022 13:30;742
04.08.2022 13:45;729
04.08.2022 14:00;725
04.08.2022 14:15;690
04.08.2022 14:30;692
04.08.2022 14:45;710
04.08.2022 15:00;636
04.08.2022 15:15;653
04.08.2022 15:30;625
04.08.2022 15:45;643
04.08.2022 16:00;706
04.08.2022 16:15;657
04.08.2022 16:30;545
04.08.2022 16:45;497
04.08.2022 17:00;367
04.08.2022 17:15;271
04.08.2022 17:30;494
04.08.2022 17:45;611
04.08.2022 18:00;877
04.08.2022 18:15;982
04.08.2022 18:30;684
04.08.2022 18:45;557
04.08.2022 19:00;546
04.08.2022 19:15;517
04.08.2022 19:30;474
04.08.2022 19:45;447
04.08.2022 20:00;411
04.08.2022 20:15;341
04.08.2022 20:30;316
04.08.2022 20:45;305
04.08.2022 21:00;265
04.08.2022 21:15;206
04.08.2022 21:30;161
04.08.2022 21:45;119
04.08.2022 22:00;91
04.08.2022 22:15;68
04.08.2022 22:30;25
04.08.2022 22:45;9
04.08.2022 23:00;1
04.08.2022 23:15;5
04.08.2022 23:30;4
04.08.2022 23:45;
05.08.2022 0:00;
05.08.2022 0:15;
05.08.2022 0:30;
05.08.2022 0:45;
05.08.2022 1:00;
05.08.2022 1:15;2
05.08.2022 1:30;2
05.08.2022 1:45;
05.08.2022 2:00;1
05.08.2022 2:15;3
05.08.2022 2:30;11
05.08.2022 2:45;13
05.08.2022 3:00;9
05.08.2022 3:15;17
05.08.2022 3:30;30
05.08.2022 3:45;36
05.08.2022 4:00;51
05.08.2022 4:15;52
05.08.2022 4:30;44
05.08.2022 4:45;40
05.08.2022 5:00;39
05.08.2022 5:15;58
05.08.2022 5:30;85
05.08.2022 5:45;99
05.08.2022 6:00;94
05.08.2022 6:15;104
05.08.2022 6:30;118
05.08.2022 6:45;129
05.08.2022 7:00;139
05.08.2022 7:15;151
05.08.2022 7:30;180
05.08.2022 7:45;188
05.08.2022 8:00;174
05.08.2022 8:15;210
05.08.2022 8:30;274
05.08.2022 8:45;316
05.08.2022 9:00;305
05.08.2022 9:15;336
05.08.2022 9:30;489
05.08.2022 9:45;593
05.08.2022 10:00;612
05.08.2022 10:15;653
05.08.2022 10:30;744
05.08.2022 10:45;806
05.08.2022 11:00;797
05.08.2022 11:15;789
05.08.2022 11:30;792
05.08.2022 11:45;778
05.08.2022 12:00;774
05.08.2022 12:15;763
05.08.2022 12:30;777
05.08.2022 12:45;749
05.08.2022 13:00;718
05.08.2022 13:15;762
05.08.2022 13:30;785
05.08.2022 13:45;775
05.08.2022 14:00;752
05.08.2022 14:15;706
05.08.2022 14:30;710
05.08.2022 14:45;723
05.08.2022 15:00;686
05.08.2022 15:15;682
05.08.2022 15:30;707
05.08.2022 15:45;711
05.08.2022 16:00;666
05.08.2022 16:15;708
05.08.2022 16:30;722
05.08.2022 16:45;640
05.08.2022 17:00;674
05.08.2022 17:15;724
05.08.2022 17:30;720
05.08.2022 17:45;697
05.08.2022 18:00;675
05.08.2022 18:15;705
05.08.2022 18:30;682
05.08.2022 18:45;664
05.08.2022 19:00;589
05.08.2022 19:15;519
05.08.2022 19:30;512
05.08.2022 19:45;467
05.08.2022 20:00;446
05.08.2022 20:15;390
05.08.2022 20:30;328
05.08.2022 20:45;307
05.08.2022 21:00;293
05.08.2022 21:15;199
05.08.2022 21:30;119
05.08.2022 21:45;115
05.08.2022 22:00;98
05.08.2022 22:15;62
05.08.2022 22:30;19
05.08.2022 22:45;10
05.08.2022 23:00;11
05.08.2022 23:15;2
05.08.2022 23:30;
05.08.2022 23:45;
06.08.2022 0:00;
06.08.2022 0:15;
06.08.2022 0:30;
06.08.2022 0:45;
06.08.2022 1:00;
06.08.2022 1:15;
06.08.2022 1:30;2
06.08.2022 1:45;2
06.08.2022 2:00;1
06.08.2022 2:15;5
06.08.2022 2:30;8
06.08.2022 2:45;6
06.08.2022 3:00;6
06.08.2022 3:15;11
06.08.2022 3:30;24
06.08.2022 3:45;31
06.08.2022 4:00;28
06.08.2022 4:15;34
06.08.2022 4:30;40
06.08.2022 4:45;39
06.08.2022 5:00;48
06.08.2022 5:15;61
06.08.2022 5:30;77
06.08.2022 5:45;98
06.08.2022 6:00;89
06.08.2022 6:15;89
06.08.2022 6:30;113
06.08.2022 6:45;127
06.08.2022 7:00;111
06.08.2022 7:15;92
06.08.2022 7:30;120
06.08.2022 7:45;161
06.08.2022 8:00;142
06.08.2022 8:15;163
06.08.2022 8:30;262
06.08.2022 8:45;226
06.08.2022 9:00;205
06.08.2022 9:15;341
06.08.2022 9:30;462
06.08.2022 9:45;492
06.08.2022 10:00;513
06.08.2022 10:15;643
06.08.2022 10:30;751
06.08.2022 10:45;761
06.08.2022 11:00;715
06.08.2022 11:15;663
06.08.2022 11:30;686
06.08.2022 11:45;774
06.08.2022 12:00;795
06.08.2022 12:15;745
06.08.2022 12:30;708
06.08.2022 12:45;687
06.08.2022 13:00;679
06.08.2022 13:15;688
06.08.2022 13:30;708
06.08.2022 13:45;702
06.08.2022 14:00;686
06.08.2022 14:15;663
06.08.2022 14:30;627
06.08.2022 14:45;669
06.08.2022 15:00;682
06.08.2022 15:15;622
06.08.2022 15:30;607
06.08.2022 15:45;611
06.08.2022 16:00;611
06.08.2022 16:15;585
06.08.2022 16:30;558
06.08.2022 16:45;560
06.08.2022 17:00;558
06.08.2022 17:15;524
06.08.2022 17:30;524
06.08.2022 17:45;513
06.08.2022 18:00;509
06.08.2022 18:15;541
06.08.2022 18:30;498
06.08.2022 18:45;451
06.08.2022 19:00;462
06.08.2022 19:15;477
06.08.2022 19:30;454
06.08.2022 19:45;417
06.08.2022 20:00;373
06.08.2022 20:15;311
06.08.2022 20:30;271
06.08.2022 20:45;269
06.08.2022 21:00;263
06.08.2022 21:15;217
06.08.2022 21:30;177
06.08.2022 21:45;138
06.08.2022 22:00;101
06.08.2022 22:15;57
06.08.2022 22:30;19
06.08.2022 22:45;11
06.08.2022 23:00;4
06.08.2022 23:15;
06.08.2022 23:30;
06.08.2022 23:45;
07.08.2022 0:00;
07.08.2022 0:15;1
07.08.2022 0:30;1
07.08.2022 0:45;1
07.08.2022 1:00;3
07.08.2022 1:15;4
07.08.2022 1:30;3
07.08.2022 1:45;2
07.08.2022 2:00;4
07.08.2022 2:15;4
07.08.2022 2:30;2
07.08.2022 2:45;4
07.08.2022 3:00;8
07.08.2022 3:15;7
07.08.2022 3:30;18
07.08.2022 3:45;36
07.08.2022 4:00;36
07.08.2022 4:15;33
07.08.2022 4:30;42
07.08.2022 4:45;50
07.08.2022 5:00;56
07.08.2022 5:15;67
07.08.2022 5:30;79
07.08.2022 5:45;83
07.08.2022 6:00;85
07.08.2022 6:15;99
07.08.2022 6:30;100
07.08.2022 6:45;100
07.08.2022 7:00;110
07.08.2022 7:15;128
07.08.2022 7:30;128
07.08.2022 7:45;138
07.08.2022 8:00;179
07.08.2022 8:15;193
07.08.2022 8:30;196
07.08.2022 8:45;215
07.08.2022 9:00;240
07.08.2022 9:15;318
07.08.2022 9:30;423
07.08.2022 9:45;482
07.08.2022 10:00;564
07.08.2022 10:15;648
07.08.2022 10:30;579
07.08.2022 10:45;576
07.08.2022 11:00;696
07.08.2022 11:15;763
07.08.2022 11:30;786
07.08.2022 11:45;785
07.08.2022 12:00;771
07.08.2022 12:15;741
07.08.2022 12:30;764
07.08.2022 12:45;740
07.08.2022 13:00;697
07.08.2022 13:15;783
07.08.2022 13:30;871
07.08.2022 13:45;836
07.08.2022 14:00;739
07.08.2022 14:15;674
07.08.2022 14:30;711
07.08.2022 14:45;776
07.08.2022 15:00;725
07.08.2022 15:15;688
07.08.2022 15:30;690
07.08.2022 15:45;698
07.08.2022 16:00;707
07.08.2022 16:15;676
07.08.2022 16:30;645
07.08.2022 16:45;648
07.08.2022 17:00;592
07.08.2022 17:15;562
07.08.2022 17:30;632
07.08.2022 17:45;588
07.08.2022 18:00;580
07.08.2022 18:15;589
07.08.2022 18:30;529
07.08.2022 18:45;496
07.08.2022 19:00;497
07.08.2022 19:15;490
07.08.2022 19:30;456
07.08.2022 19:45;406
07.08.2022 20:00;387
07.08.2022 20:15;346
07.08.2022 20:30;315
07.08.2022 20:45;312
07.08.2022 21:00;261
07.08.2022 21:15;194
07.08.2022 21:30;134
07.08.2022 21:45;139
07.08.2022 22:00;142
07.08.2022 22:15;88
07.08.2022 22:30;28
07.08.2022 22:45;6
07.08.2022 23:00;2
07.08.2022 23:15;
07.08.2022 23:30;
07.08.2022 23:45;
08.08.2022 0:00;
08.08.2022 0:15;
08.08.2022 0:30;
08.08.2022 0:45;
08.08.2022 1:00;2
08.08.2022 1:15;2
08.08.2022 1:30;2
08.08.2022 1:45;5
08.08.2022 2:00;3
08.08.2022 2:15;3
08.08.2022 2:30;9
08.08.2022 2:45;11
08.08.2022 3:00;8
08.08.2022 3:15;15
08.08.2022 3:30;24
08.08.2022 3:45;35
08.08.2022 4:00;39
08.08.2022 4:15;34
08.08.2022 4:30;45
08.08.2022 4:45;65
08.08.2022 5:00;64
08.08.2022 5:15;64
08.08.2022 5:30;77
08.08.2022 5:45;68
08.08.2022 6:00;82
08.08.2022 6:15;125
08.08.2022 6:30;137
08.08.2022 6:45;108
08.08.2022 7:00;116
08.08.2022 7:15;150
08.08.2022 7:30;129
08.08.2022 7:45;135
08.08.2022 8:00;180
08.08.2022 8:15;212
08.08.2022 8:30;243
08.08.2022 8:45;291
08.08.2022 9:00;305
08.08.2022 9:15;377
08.08.2022 9:30;476
08.08.2022 9:45;474
08.08.2022 10:00;489
08.08.2022 10:15;557
08.08.2022 10:30;634
08.08.2022 10:45;711
08.08.2022 11:00;765
08.08.2022 11:15;783
08.08.2022 11:30;721
08.08.2022 11:45;765
08.08.2022 12:00;826
08.08.2022 12:15;719
08.08.2022 12:30;668
08.08.2022 12:45;692
08.08.2022 13:00;719
08.08.2022 13:15;738
08.08.2022 13:30;699
08.08.2022 13:45;690
08.08.2022 14:00;724
08.08.2022 14:15;751
08.08.2022 14:30;789
08.08.2022 14:45;788
08.08.2022 15:00;816
08.08.2022 15:15;755
08.08.2022 15:30;668
08.08.2022 15:45;674
08.08.2022 16:00;638
08.08.2022 16:15;611
08.08.2022 16:30;618
08.08.2022 16:45;635
08.08.2022 17:00;663
08.08.2022 17:15;667
08.08.2022 17:30;677
08.08.2022 17:45;649
08.08.2022 18:00;630
08.08.2022 18:15;624
08.08.2022 18:30;606
08.08.2022 18:45;635
08.08.2022 19:00;585
08.08.2022 19:15;514
08.08.2022 19:30;489
08.08.2022 19:45;494
08.08.2022 20:00;486
08.08.2022 20:15;393
08.08.2022 20:30;313
08.08.2022 20:45;284
08.08.2022 21:00;275
08.08.2022 21:15;228
08.08.2022 21:30;161
08.08.2022 21:45;131
08.08.2022 22:00;107
08.08.2022 22:15;59
08.08.2022 22:30;21
08.08.2022 22:45;15
08.08.2022 23:00;9
08.08.2022 23:15;2
08.08.2022 23:30;1
08.08.2022 23:45;
09.08.2022 0:00;
09.08.2022 0:15;
09.08.2022 0:30;
09.08.2022 0:45;
09.08.2022 1:00;1
09.08.2022 1:15;4
09.08.2022 1:30;3
09.08.2022 1:45;
09.08.2022 2:00;
09.08.2022 2:15;2
09.08.2022 2:30;5
09.08.2022 2:45;8
09.08.2022 3:00;11
09.08.2022 3:15;15
09.08.2022 3:30;25
09.08.2022 3:45;31
09.08.2022 4:00;28
09.08.2022 4:15;42
09.08.2022 4:30;56
09.08.2022 4:45;55
09.08.2022 5:00;37
09.08.2022 5:15;47
09.08.2022 5:30;80
09.08.2022 5:45;82
09.08.2022 6:00;78
09.08.2022 6:15;98
09.08.2022 6:30;121
09.08.2022 6:45;122
09.08.2022 7:00;105
09.08.2022 7:15;106
09.08.2022 7:30;148
09.08.2022 7:45;164
09.08.2022 8:00;179
09.08.2022 8:15;193
09.08.2022 8:30;215
09.08.2022 8:45;261
09.08.2022 9:00;282
09.08.2022 9:15;357
09.08.2022 9:30;440
09.08.2022 9:45;495
09.08.2022 10:00;504
09.08.2022 10:15;542
09.08.2022 10:30;644
09.08.2022 10:45;696
09.08.2022 11:00;723
09.08.2022 11:15;760
09.08.2022 11:30;802
09.08.2022 11:45;756
09.08.2022 12:00;685
09.08.2022 12:15;743
09.08.2022 12:30;766
09.08.2022 12:45;747
09.08.2022 13:00;752
09.08.2022 13:15;707
09.08.2022 13:30;707
09.08.2022 13:45;713
09.08.2022 14:00;671
09.08.2022 14:15;687
09.08.2022 14:30;771
09.08.2022 14:45;755
09.08.2022 15:00;690
09.08.2022 15:15;718
09.08.2022 15:30;715
09.08.2022 15:45;604
09.08.2022 16:00;543
09.08.2022 16:15;649
09.08.2022 16:30;708
09.08.2022 16:45;656
09.08.2022 17:00;630
09.08.2022 17:15;512
09.08.2022 17:30;508
09.08.2022 17:45;616
09.08.2022 18:00;644
09.08.2022 18:15;639
09.08.2022 18:30;596
09.08.2022 18:45;595
09.08.2022 19:00;594
09.08.2022 19:15;511
09.08.2022 19:30;435
09.08.2022 19:45;442
09.08.2022 20:00;446
09.08.2022 20:15;420
09.08.2022 20:30;373
09.08.2022 20:45;323
09.08.2022 21:00;265
09.08.2022 21:15;219
09.08.2022 21:30;179
09.08.2022 21:45;119
09.08.2022 22:00;88
09.08.2022 22:15;70
09.08.2022 22:30;31
09.08.2022 22:45;36
09.08.2022 23:00;34
09.08.2022 23:15;4
09.08.2022 23:30;3
09.08.2022 23:45;
10.08.2022 0:00;
10.08.2022 0:15;
10.08.2022 0:30;
10.08.2022 0:45;
10.08.2022 1:00;1
10.08.2022 1:15;4
10.08.2022 1:30;3
10.08.2022 1:45;2
10.08.2022 2:00;7
10.08.2022 2:15;9
10.08.2022 2:30;8
10.08.2022 2:45;11
10.08.2022 3:00;15
10.08.2022 3:15;17
10.08.2022 3:30;24
10.08.2022 3:45;32
10.08.2022 4:00;31
10.08.2022 4:15;22
10.08.2022 4:30;35
10.08.2022 4:45;54
10.08.2022 5:00;58
10.08.2022 5:15;62
10.08.2022 5:30;93
10.08.2022 5:45;99
10.08.2022 6:00;84
10.08.2022 6:15;106
10.08.2022 6:30;117
10.08.2022 6:45;126
10.08.2022 7:00;134
10.08.2022 7:15;143
10.08.2022 7:30;172
10.08.2022 7:45;162
10.08.2022 8:00;159
10.08.2022 8:15;208
10.08.2022 8:30;272
10.08.2022 8:45;327
10.08.2022 9:00;314
10.08.2022 9:15;324
10.08.2022 9:30;429
10.08.2022 9:45;479
10.08.2022 10:00;478
10.08.2022 10:15;559
10.08.2022 10:30;690
10.08.2022 10:45;729
10.08.2022 11:00;683
10.08.2022 11:15;684
10.08.2022 11:30;727
10.08.2022 11:45;764
10.08.2022 12:00;742
10.08.2022 12:15;776
10.08.2022 12:30;796
10.08.2022 12:45;742
10.08.2022 13:00;733
10.08.2022 13:15;739
10.08.2022 13:30;738
10.08.2022 13:45;725
10.08.2022 14:00;742
10.08.2022 14:15;725
10.08.2022 14:30;694
10.08.2022 14:45;707
10.08.2022 15:00;680
10.08.2022 15:15;626
10.08.2022 15:30;669
10.08.2022 15:45;704
10.08.2022 16:00;675
10.08.2022 16:15;660
10.08.2022 16:30;653
10.08.2022 16:45;682
10.08.2022 17:00;677
10.08.2022 17:15;668
10.08.2022 17:30;671
10.08.2022 17:45;644
10.08.2022 18:00;649
10.08.2022 18:15;656
10.08.2022 18:30;608
10.08.2022 18:45;592
10.08.2022 19:00;616
10.08.2022 19:15;608
10.08.2022 19:30;565
10.08.2022 19:45;531
10.08.2022 20:00;510
10.08.2022 20:15;418
10.08.2022 20:30;351
10.08.2022 20:45;339
10.08.2022 21:00;293
10.08.2022 21:15;248
10.08.2022 21:30;219
10.08.2022 21:45;153
10.08.2022 22:00;98
10.08.2022 22:15;56
10.08.2022 22:30;15
10.08.2022 22:45;11
10.08.2022 23:00;15
10.08.2022 23:15;10
10.08.2022 23:30;
10.08.2022 23:45;
11.08.2022 0:00;
11.08.2022 0:15;
11.08.2022 0:30;
11.08.2022 0:45;
11.08.2022 1:00;
11.08.2022 1:15;3
11.08.2022 1:30;5
11.08.2022 1:45;3
11.08.2022 2:00;2
11.08.2022 2:15;4
11.08.2022 2:30;9
11.08.2022 2:45;14
11.08.2022 3:00;13
11.08.2022 3:15;19
11.08.2022 3:30;24
11.08.2022 3:45;24
11.08.2022 4:00;35
11.08.2022 4:15;47
11.08.2022 4:30;53
11.08.2022 4:45;49
11.08.2022 5:00;52
11.08.2022 5:15;55
11.08.2022 5:30;66
11.08.2022 5:45;79
11.08.2022 6:00;81
11.08.2022 6:15;102
11.08.2022 6:30;130
11.08.2022 6:45;149
11.08.2022 7:00;160
11.08.2022 7:15;157
11.08.2022 7:30;146
11.08.2022 7:45;145
11.08.2022 8:00;160
11.08.2022 8:15;221
11.08.2022 8:30;298
11.08.2022 8:45;277
11.08.2022 9:00;264
11.08.2022 9:15;348
11.08.2022 9:30;457
11.08.2022 9:45;492
11.08.2022 10:00;499
11.08.2022 10:15;614
11.08.2022 10:30;700
11.08.2022 10:45;708
11.08.2022 11:00;744
11.08.2022 11:15;796
11.08.2022 11:30;789
11.08.2022 11:45;747
11.08.2022 12:00;612
11.08.2022 12:15;693
11.08.2022 12:30;862
11.08.2022 12:45;758
11.08.2022 13:00;694
11.08.2022 13:15;727
11.08.2022 13:30;783
11.08.2022 13:45;791
11.08.2022 14:00;753
11.08.2022 14:15;723
11.08.2022 14:30;726
11.08.2022 14:45;690
11.08.2022 15:00;670
11.08.2022 15:15;695
11.08.2022 15:30;665
11.08.2022 15:45;659
11.08.2022 16:00;656
11.08.2022 16:15;609
11.08.2022 16:30;600
11.08.2022 16:45;725
11.08.2022 17:00;732
11.08.2022 17:15;629
11.08.2022 17:30;668
11.08.2022 17:45;716
11.08.2022 18:00;659
11.08.2022 18:15;605
11.08.2022 18:30;578
11.08.2022 18:45;571
11.08.2022 19:00;578
11.08.2022 19:15;529
11.08.2022 19:30;492
11.08.2022 19:45;475
11.08.2022 20:00;428
11.08.2022 20:15;357
11.08.2022 20:30;342
11.08.2022 20:45;322
11.08.2022 21:00;284
11.08.2022 21:15;231
11.08.2022 21:30;179
11.08.2022 21:45;151
11.08.2022 22:00;112
11.08.2022 22:15;72
11.08.2022 22:30;22
11.08.2022 22:45;3
11.08.2022 23:00;4
11.08.2022 23:15;2
11.08.2022 23:30;
11.08.2022 23:45;
12.08.2022 0:00;
12.08.2022 0:15;
12.08.2022 0:30;
12.08.2022 0:45;
12.08.2022 1:00;11
12.08.2022 1:15;12
12.08.2022 1:30;1
12.08.2022 1:45;
12.08.2022 2:00;1
12.08.2022 2:15;9
12.08.2022 2:30;14
12.08.2022 2:45;6
12.08.2022 3:00;5
12.08.2022 3:15;12
12.08.2022 3:30;18
12.08.2022 3:45;23
12.08.2022 4:00;19
12.08.2022 4:15;9
12.08.2022 4:30;31
12.08.2022 4:45;45
12.08.2022 5:00;27
12.08.2022 5:15;30
12.08.2022 5:30;36
12.08.2022 5:45;26
12.08.2022 6:00;15
12.08.2022 6:15;7
12.08.2022 6:30;17
12.08.2022 6:45;34
12.08.2022 7:00;40
12.08.2022 7:15;60
12.08.2022 7:30;110
12.08.2022 7:45;141
12.08.2022 8:00;169
12.08.2022 8:15;221
12.08.2022 8:30;275
12.08.2022 8:45;299
12.08.2022 9:00;239
12.08.2022 9:15;268
12.08.2022 9:30;435
12.08.2022 9:45;543
12.08.2022 10:00;558
12.08.2022 10:15;569
12.08.2022 10:30;661
12.08.2022 10:45;817
12.08.2022 11:00;842
12.08.2022 11:15;787
12.08.2022 11:30;789
12.08.2022 11:45;784
12.08.2022 12:00;793
12.08.2022 12:15;791
12.08.2022 12:30;766
12.08.2022 12:45;767
12.08.2022 13:00;818
12.08.2022 13:15;794
12.08.2022 13:30;737
12.08.2022 13:45;735
12.08.2022 14:00;728
12.08.2022 14:15;597
12.08.2022 14:30;596
12.08.2022 14:45;719
12.08.2022 15:00;708
12.08.2022 15:15;700
12.08.2022 15:30;732
12.08.2022 15:45;761
12.08.2022 16:00;728
12.08.2022 16:15;423
12.08.2022 16:30;100
12.08.2022 16:45;431
12.08.2022 17:00;740
12.08.2022 17:15;670
12.08.2022 17:30;583
12.08.2022 17:45;560
12.08.2022 18:00;678
12.08.2022 18:15;689
12.08.2022 18:30;588
12.08.2022 18:45;523
12.08.2022 19:00;415
12.08.2022 19:15;397
12.08.2022 19:30;495
12.08.2022 19:45;507
12.08.2022 20:00;482
12.08.2022 20:15;423
12.08.2022 20:30;344
12.08.2022 20:45;312
12.08.2022 21:00;277
12.08.2022 21:15;228
12.08.2022 21:30;188
12.08.2022 21:45;137
12.08.2022 22:00;109
12.08.2022 22:15;68
12.08.2022 22:30;21
12.08.2022 22:45;10
12.08.2022 23:00;7
12.08.2022 23:15;2
12.08.2022 23:30;
12.08.2022 23:45;
13.08.2022 0:00;
13.08.2022 0:15;3
13.08.2022 0:30;4
13.08.2022 0:45;2
13.08.2022 1:00;1
13.08.2022 1:15;3
13.08.2022 1:30;6
13.08.2022 1:45;3
13.08.2022 2:00;
13.08.2022 2:15;6
13.08.2022 2:30;10
13.08.2022 2:45;4
13.08.2022 3:00;6
13.08.2022 3:15;14
13.08.2022 3:30;27
13.08.2022 3:45;36
13.08.2022 4:00;32
13.08.2022 4:15;35
13.08.2022 4:30;52
13.08.2022 4:45;57
13.08.2022 5:00;43
13.08.2022 5:15;61
13.08.2022 5:30;80
13.08.2022 5:45;67
13.08.2022 6:00;65
13.08.2022 6:15;96
13.08.2022 6:30;127
13.08.2022 6:45;123
13.08.2022 7:00;120
13.08.2022 7:15;132
13.08.2022 7:30;155
13.08.2022 7:45;182
13.08.2022 8:00;165
13.08.2022 8:15;185
13.08.2022 8:30;267
13.08.2022 8:45;310
13.08.2022 9:00;317
13.08.2022 9:15;385
13.08.2022 9:30;518
13.08.2022 9:45;533
13.08.2022 10:00;505
13.08.2022 10:15;596
13.08.2022 10:30;718
13.08.2022 10:45;801
13.08.2022 11:00;748
13.08.2022 11:15;744
13.08.2022 11:30;835
13.08.2022 11:45;861
13.08.2022 12:00;857
13.08.2022 12:15;831
13.08.2022 12:30;808
13.08.2022 12:45;797
13.08.2022 13:00;760
13.08.2022 13:15;760
13.08.2022 13:30;781
13.08.2022 13:45;685
13.08.2022 14:00;672
13.08.2022 14:15;722
13.08.2022 14:30;714
13.08.2022 14:45;726
13.08.2022 15:00;712
13.08.2022 15:15;655
13.08.2022 15:30;670
13.08.2022 15:45;644
13.08.2022 16:00;593
13.08.2022 16:15;607
13.08.2022 16:30;570
13.08.2022 16:45;531
13.08.2022 17:00;543
13.08.2022 17:15;577
13.08.2022 17:30;564
13.08.2022 17:45;495
13.08.2022 18:00;453
13.08.2022 18:15;456
13.08.2022 18:30;490
13.08.2022 18:45;482
13.08.2022 19:00;439
13.08.2022 19:15;425
13.08.2022 19:30;399
13.08.2022 19:45;359
13.08.2022 20:00;329
13.08.2022 20:15;346
13.08.2022 20:30;338
13.08.2022 20:45;280
13.08.2022 21:00;240
13.08.2022 21:15;197
13.08.2022 21:30;148
13.08.2022 21:45;113
13.08.2022 22:00;99
13.08.2022 22:15;70
13.08.2022 22:30;25
13.08.2022 22:45;11
13.08.2022 23:00;4
13.08.2022 23:15;2
13.08.2022 23:30;1
13.08.2022 23:45;
14.08.2022 0:00;
14.08.2022 0:15;
14.08.2022 0:30;1
14.08.2022 0:45;1
14.08.2022 1:00;1
14.08.2022 1:15;1
14.08.2022 1:30;
14.08.2022 1:45;1
14.08.2022 2:00;2
14.08.2022 2:15;3
14.08.2022 2:30;13
14.08.2022 2:45;14
14.08.2022 3:00;5
14.08.2022 3:15;14
14.08.2022 3:30;32
14.08.2022 3:45;36
14.08.2022 4:00;33
14.08.2022 4:15;41
14.08.2022 4:30;51
14.08.2022 4:45;55
14.08.2022 5:00;53
14.08.2022 5:15;67
14.08.2022 5:30;77
14.08.2022 5:45;76
14.08.2022 6:00;69
14.08.2022 6:15;69
14.08.2022 6:30;100
14.08.2022 6:45;120
14.08.2022 7:00;114
14.08.2022 7:15;113
14.08.2022 7:30;153
14.08.2022 7:45;184
14.08.2022 8:00;181
14.08.2022 8:15;159
14.08.2022 8:30;191
14.08.2022 8:45;252
14.08.2022 9:00;241
14.08.2022 9:15;340
14.08.2022 9:30;473
14.08.2022 9:45;463
14.08.2022 10:00;496
14.08.2022 10:15;584
14.08.2022 10:30;645
14.08.2022 10:45;709
14.08.2022 11:00;737
14.08.2022 11:15;709
14.08.2022 11:30;719
14.08.2022 11:45;748
14.08.2022 12:00;780
14.08.2022 12:15;791
14.08.2022 12:30;788
14.08.2022 12:45;768
14.08.2022 13:00;742
14.08.2022 13:15;758
14.08.2022 13:30;768
14.08.2022 13:45;696
14.08.2022 14:00;695
14.08.2022 14:15;729
14.08.2022 14:30;721
14.08.2022 14:45;698
14.08.2022 15:00;684
14.08.2022 15:15;678
14.08.2022 15:30;667
14.08.2022 15:45;645
14.08.2022 16:00;581
14.08.2022 16:15;630
14.08.2022 16:30;628
14.08.2022 16:45;584
14.08.2022 17:00;599
14.08.2022 17:15;578
14.08.2022 17:30;458
14.08.2022 17:45;474
14.08.2022 18:00;591
14.08.2022 18:15;574
14.08.2022 18:30;557
14.08.2022 18:45;515
14.08.2022 19:00;464
14.08.2022 19:15;431
14.08.2022 19:30;387
14.08.2022 19:45;406
14.08.2022 20:00;407
14.08.2022 20:15;348
14.08.2022 20:30;284
14.08.2022 20:45;254
14.08.2022 21:00;242
14.08.2022 21:15;179
14.08.2022 21:30;94
14.08.2022 21:45;82
14.08.2022 22:00;87
14.08.2022 22:15;47
14.08.2022 22:30;16
14.08.2022 22:45;4
14.08.2022 23:00;1
14.08.2022 23:15;
14.08.2022 23:30;
14.08.2022 23:45;
15.08.2022 0:00;1
15.08.2022 0:15;2
15.08.2022 0:30;2
15.08.2022 0:45;1
15.08.2022 1:00;
15.08.2022 1:15;2
15.08.2022 1:30;4
15.08.2022 1:45;4
15.08.2022 2:00;4
15.08.2022 2:15;5
15.08.2022 2:30;8
15.08.2022 2:45;11
15.08.2022 3:00;9
15.08.2022 3:15;14
15.08.2022 3:30;27
15.08.2022 3:45;36
15.08.2022 4:00;37
15.08.2022 4:15;31
15.08.2022 4:30;31
15.08.2022 4:45;39
15.08.2022 5:00;51
15.08.2022 5:15;56
15.08.2022 5:30;73
15.08.2022 5:45;101
15.08.2022 6:00;99
15.08.2022 6:15;104
15.08.2022 6:30;123
15.08.2022 6:45;162
15.08.2022 7:00;180
15.08.2022 7:15;178
15.08.2022 7:30;190
15.08.2022 7:45;189
15.08.2022 8:00;191
15.08.2022 8:15;200
15.08.2022 8:30;234
15.08.2022 8:45;302
15.08.2022 9:00;322
15.08.2022 9:15;391
15.08.2022 9:30;529
15.08.2022 9:45;597
15.08.2022 10:00;601
15.08.2022 10:15;629
15.08.2022 10:30;738
15.08.2022 10:45;776
15.08.2022 11:00;776
15.08.2022 11:15;781
15.08.2022 11:30;803
15.08.2022 11:45;810
15.08.2022 12:00;778
15.08.2022 12:15;848
15.08.2022 12:30;868
15.08.2022 12:45;818
15.08.2022 13:00;766
15.08.2022 13:15;740
15.08.2022 13:30;626
15.08.2022 13:45;619
15.08.2022 14:00;787
15.08.2022 14:15;792
15.08.2022 14:30;759
15.08.2022 14:45;724
15.08.2022 15:00;668
15.08.2022 15:15;666
15.08.2022 15:30;696
15.08.2022 15:45;718
15.08.2022 16:00;694
15.08.2022 16:15;657
15.08.2022 16:30;680
15.08.2022 16:45;694
15.08.2022 17:00;686
15.08.2022 17:15;679
15.08.2022 17:30;650
15.08.2022 17:45;660
15.08.2022 18:00;685
15.08.2022 18:15;672
15.08.2022 18:30;619
15.08.2022 18:45;582
15.08.2022 19:00;606
15.08.2022 19:15;536
15.08.2022 19:30;482
15.08.2022 19:45;509
15.08.2022 20:00;475
15.08.2022 20:15;410
15.08.2022 20:30;367
15.08.2022 20:45;339
15.08.2022 21:00;281
15.08.2022 21:15;196
15.08.2022 21:30;151
15.08.2022 21:45;153
15.08.2022 22:00;117
15.08.2022 22:15;60
15.08.2022 22:30;26
15.08.2022 22:45;9
15.08.2022 23:00;4
15.08.2022 23:15;2
15.08.2022 23:30;
15.08.2022 23:45;
16.08.2022 0:00;
16.08.2022 0:15;1
16.08.2022 0:30;1
16.08.2022 0:45;5
16.08.2022 1:00;6
16.08.2022 1:15;2
16.08.2022 1:30;4
16.08.2022 1:45;5
16.08.2022 2:00;3
16.08.2022 2:15;2
16.08.2022 2:30;3
16.08.2022 2:45;5
16.08.2022 3:00;9
16.08.2022 3:15;24
16.08.2022 3:30;38
16.08.2022 3:45;36
16.08.2022 4:00;30
16.08.2022 4:15;30
16.08.2022 4:30;58
16.08.2022 4:45;65
16.08.2022 5:00;48
16.08.2022 5:15;67
16.08.2022 5:30;91
16.08.2022 5:45;91
16.08.2022 6:00;78
16.08.2022 6:15;86
16.08.2022 6:30;132
16.08.2022 6:45;146
16.08.2022 7:00;108
16.08.2022 7:15;116
16.08.2022 7:30;183
16.08.2022 7:45;213
16.08.2022 8:00;190
16.08.2022 8:15;225
16.08.2022 8:30;293
16.08.2022 8:45;344
16.08.2022 9:00;335
16.08.2022 9:15;393
16.08.2022 9:30;531
16.08.2022 9:45;582
16.08.2022 10:00;567
16.08.2022 10:15;647
16.08.2022 10:30;793
16.08.2022 10:45;863
16.08.2022 11:00;836
16.08.2022 11:15;749
16.08.2022 11:30;800
16.08.2022 11:45;874
16.08.2022 12:00;820
16.08.2022 12:15;844
16.08.2022 12:30;845
16.08.2022 12:45;752
16.08.2022 13:00;761
16.08.2022 13:15;788
16.08.2022 13:30;739
16.08.2022 13:45;707
16.08.2022 14:00;678
16.08.2022 14:15;635
16.08.2022 14:30;661
16.08.2022 14:45;672
16.08.2022 15:00;667
16.08.2022 15:15;658
16.08.2022 15:30;660
16.08.2022 15:45;715
16.08.2022 16:00;707
16.08.2022 16:15;693
16.08.2022 16:30;692
16.08.2022 16:45;700
16.08.2022 17:00;680
16.08.2022 17:15;632
16.08.2022 17:30;621
16.08.2022 17:45;644
16.08.2022 18:00;631
16.08.2022 18:15;588
16.08.2022 18:30;565
16.08.2022 18:45;555
16.08.2022 19:00;606
16.08.2022 19:15;552
16.08.2022 19:30;471
16.08.2022 19:45;469
16.08.2022 20:00;445
16.08.2022 20:15;354
16.08.2022 20:30;652
16.08.2022 20:45;663
16.08.2022 21:00;294
16.08.2022 21:15;225
16.08.2022 21:30;161
16.08.2022 21:45;123
16.08.2022 22:00;96
16.08.2022 22:15;71
16.08.2022 22:30;29
16.08.2022 22:45;8
16.08.2022 23:00;7
16.08.2022 23:15;6
16.08.2022 23:30;
16.08.2022 23:45;1
17.08.2022 0:00;1
17.08.2022 0:15;1
17.08.2022 0:30;3
17.08.2022 0:45;2
17.08.2022 1:00;
17.08.2022 1:15;4
17.08.2022 1:30;7
17.08.2022 1:45;4
17.08.2022 2:00;6
17.08.2022 2:15;7
17.08.2022 2:30;8
17.08.2022 2:45;16
17.08.2022 3:00;25
17.08.2022 3:15;25
17.08.2022 3:30;35
17.08.2022 3:45;46
17.08.2022 4:00;31
17.08.2022 4:15;31
17.08.2022 4:30;38
17.08.2022 4:45;39
17.08.2022 5:00;51
17.08.2022 5:15;87
17.08.2022 5:30;105
17.08.2022 5:45;86
17.08.2022 6:00;90
17.08.2022 6:15;112
17.08.2022 6:30;118
17.08.2022 6:45;116
17.08.2022 7:00;111
17.08.2022 7:15;106
17.08.2022 7:30;138
17.08.2022 7:45;161
17.08.2022 8:00;152
17.08.2022 8:15;198
17.08.2022 8:30;259
17.08.2022 8:45;280
17.08.2022 9:00;296
17.08.2022 9:15;381
17.08.2022 9:30;522
17.08.2022 9:45;577
17.08.2022 10:00;582
17.08.2022 10:15;641
17.08.2022 10:30;742
17.08.2022 10:45;785
17.08.2022 11:00;821
17.08.2022 11:15;792
17.08.2022 11:30;774
17.08.2022 11:45;687
17.08.2022 12:00;662
17.08.2022 12:15;787
17.08.2022 12:30;813
17.08.2022 12:45;805
17.08.2022 13:00;756
17.08.2022 13:15;729
17.08.2022 13:30;684
17.08.2022 13:45;676
17.08.2022 14:00;720
17.08.2022 14:15;685
17.08.2022 14:30;668
17.08.2022 14:45;714
17.08.2022 15:00;640
17.08.2022 15:15;602
17.08.2022 15:30;685
17.08.2022 15:45;692
17.08.2022 16:00;543
17.08.2022 16:15;564
17.08.2022 16:30;697
17.08.2022 16:45;715
17.08.2022 17:00;696
17.08.2022 17:15;661
17.08.2022 17:30;621
17.08.2022 17:45;624
17.08.2022 18:00;888
17.08.2022 18:15;831
17.08.2022 18:30;567
17.08.2022 18:45;611
17.08.2022 19:00;617
17.08.2022 19:15;548
17.08.2022 19:30;425
17.08.2022 19:45;439
17.08.2022 20:00;492
17.08.2022 20:15;399
17.08.2022 20:30;309
17.08.2022 20:45;306
17.08.2022 21:00;276
17.08.2022 21:15;190
17.08.2022 21:30;150
17.08.2022 21:45;135
17.08.2022 22:00;116
17.08.2022 22:15;54
17.08.2022 22:30;14
17.08.2022 22:45;5
17.08.2022 23:00;3
17.08.2022 23:15;
17.08.2022 23:30;
17.08.2022 23:45;
18.08.2022 0:00;
18.08.2022 0:15;3
18.08.2022 0:30;3
18.08.2022 0:45;
18.08.2022 1:00;
18.08.2022 1:15;2
18.08.2022 1:30;3
18.08.2022 1:45;4
18.08.2022 2:00;5
18.08.2022 2:15;5
18.08.2022 2:30;10
18.08.2022 2:45;10
18.08.2022 3:00;13
18.08.2022 3:15;28
18.08.2022 3:30;32
18.08.2022 3:45;32
18.08.2022 4:00;46
18.08.2022 4:15;47
18.08.2022 4:30;38
18.08.2022 4:45;31
18.08.2022 5:00;45
18.08.2022 5:15;70
18.08.2022 5:30;73
18.08.2022 5:45;80
18.08.2022 6:00;90
18.08.2022 6:15;97
18.08.2022 6:30;96
18.08.2022 6:45;120
18.08.2022 7:00;141
18.08.2022 7:15;127
18.08.2022 7:30;142
18.08.2022 7:45;157
18.08.2022 8:00;170
18.08.2022 8:15;205
18.08.2022 8:30;247
18.08.2022 8:45;257
18.08.2022 9:00;272
18.08.2022 9:15;363
18.08.2022 9:30;439
18.08.2022 9:45;482
18.08.2022 10:00;530
18.08.2022 10:15;593
18.08.2022 10:30;735
18.08.2022 10:45;752
18.08.2022 11:00;726
18.08.2022 11:15;739
18.08.2022 11:30;728
18.08.2022 11:45;785
18.08.2022 12:00;802
18.08.2022 12:15;792
18.08.2022 12:30;788
18.08.2022 12:45;775
18.08.2022 13:00;743
18.08.2022 13:15;732
18.08.2022 13:30;728
18.08.2022 13:45;594
18.08.2022 14:00;598
18.08.2022 14:15;770
18.08.2022 14:30;761
18.08.2022 14:45;680
18.08.2022 15:00;558
18.08.2022 15:15;535
18.08.2022 15:30;644
18.08.2022 15:45;694
18.08.2022 16:00;652
18.08.2022 16:15;525
18.08.2022 16:30;593
18.08.2022 16:45;687
18.08.2022 17:00;633
18.08.2022 17:15;612
18.08.2022 17:30;618
18.08.2022 17:45;685
18.08.2022 18:00;744
18.08.2022 18:15;787
18.08.2022 18:30;678
18.08.2022 18:45;574
18.08.2022 19:00;558
18.08.2022 19:15;489
18.08.2022 19:30;378
18.08.2022 19:45;354
18.08.2022 20:00;428
18.08.2022 20:15;387
18.08.2022 20:30;366
18.08.2022 20:45;347
18.08.2022 21:00;277
18.08.2022 21:15;206
18.08.2022 21:30;151
18.08.2022 21:45;138
18.08.2022 22:00;115
18.08.2022 22:15;66
18.08.2022 22:30;24
18.08.2022 22:45;6
18.08.2022 23:00;4
18.08.2022 23:15;1
18.08.2022 23:30;
18.08.2022 23:45;
19.08.2022 0:00;
19.08.2022 0:15;3
19.08.2022 0:30;3
19.08.2022 0:45;2
19.08.2022 1:00;2
19.08.2022 1:15;
19.08.2022 1:30;1
19.08.2022 1:45;3
19.08.2022 2:00;2
19.08.2022 2:15;4
19.08.2022 2:30;7
19.08.2022 2:45;9
19.08.2022 3:00;15
19.08.2022 3:15;24
19.08.2022 3:30;39
19.08.2022 3:45;47
19.08.2022 4:00;40
19.08.2022 4:15;41
19.08.2022 4:30;46
19.08.2022 4:45;46
19.08.2022 5:00;62
19.08.2022 5:15;72
19.08.2022 5:30;75
19.08.2022 5:45;88
19.08.2022 6:00;91
19.08.2022 6:15;99
19.08.2022 6:30;123
19.08.2022 6:45;126
19.08.2022 7:00;123
19.08.2022 7:15;133
19.08.2022 7:30;154
19.08.2022 7:45;165
19.08.2022 8:00;175
19.08.2022 8:15;221
19.08.2022 8:30;259
19.08.2022 8:45;266
19.08.2022 9:00;288
19.08.2022 9:15;380
19.08.2022 9:30;483
19.08.2022 9:45;510
19.08.2022 10:00;535
19.08.2022 10:15;585
19.08.2022 10:30;642
19.08.2022 10:45;567
19.08.2022 11:00;456
19.08.2022 11:15;665
19.08.2022 11:30;662
19.08.2022 11:45;520
19.08.2022 12:00;485
19.08.2022 12:15;425
19.08.2022 12:30;371
19.08.2022 12:45;207
19.08.2022 13:00;211
19.08.2022 13:15;533
19.08.2022 13:30;729
19.08.2022 13:45;780
19.08.2022 14:00;793
19.08.2022 14:15;835
19.08.2022 14:30;870
19.08.2022 14:45;762
19.08.2022 15:00;786
19.08.2022 15:15;747
19.08.2022 15:30;741
19.08.2022 15:45;747
19.08.2022 16:00;707
19.08.2022 16:15;685
19.08.2022 16:30;655
19.08.2022 16:45;694
19.08.2022 17:00;732
19.08.2022 17:15;725
19.08.2022 17:30;687
19.08.2022 17:45;674
19.08.2022 18:00;680
19.08.2022 18:15;646
19.08.2022 18:30;618
19.08.2022 18:45;591
19.08.2022 19:00;550
19.08.2022 19:15;575
19.08.2022 19:30;532
19.08.2022 19:45;478
19.08.2022 20:00;496
19.08.2022 20:15;417
19.08.2022 20:30;421
19.08.2022 20:45;498
19.08.2022 21:00;388
19.08.2022 21:15;432
19.08.2022 21:30;355
19.08.2022 21:45;128
19.08.2022 22:00;349
19.08.2022 22:15;390
19.08.2022 22:30;115
19.08.2022 22:45;13
19.08.2022 23:00;6
19.08.2022 23:15;5
19.08.2022 23:30;3
19.08.2022 23:45;
20.08.2022 0:00;
20.08.2022 0:15;
20.08.2022 0:30;
20.08.2022 0:45;
20.08.2022 1:00;
20.08.2022 1:15;1
20.08.2022 1:30;2
20.08.2022 1:45;5
20.08.2022 2:00;7
20.08.2022 2:15;6
20.08.2022 2:30;13
20.08.2022 2:45;17
20.08.2022 3:00;13
20.08.2022 3:15;10
20.08.2022 3:30;13
20.08.2022 3:45;59
20.08.2022 4:00;68
20.08.2022 4:15;32
20.08.2022 4:30;50
20.08.2022 4:45;63
20.08.2022 5:00;61
20.08.2022 5:15;69
20.08.2022 5:30;79
20.08.2022 5:45;91
20.08.2022 6:00;86
20.08.2022 6:15;94
20.08.2022 6:30;121
20.08.2022 6:45;135
20.08.2022 7:00;134
20.08.2022 7:15;141
20.08.2022 7:30;163
20.08.2022 7:45;183
20.08.2022 8:00;195
20.08.2022 8:15;199
20.08.2022 8:30;232
20.08.2022 8:45;289
20.08.2022 9:00;295
20.08.2022 9:15;242
20.08.2022 9:30;356
20.08.2022 9:45;518
20.08.2022 10:00;487
20.08.2022 10:15;561
20.08.2022 10:30;712
20.08.2022 10:45;771
20.08.2022 11:00;779
20.08.2022 11:15;751
20.08.2022 11:30;780
20.08.2022 11:45;796
20.08.2022 12:00;768
20.08.2022 12:15;782
20.08.2022 12:30;792
20.08.2022 12:45;817
20.08.2022 13:00;827
20.08.2022 13:15;799
20.08.2022 13:30;739
20.08.2022 13:45;751
20.08.2022 14:00;790
20.08.2022 14:15;769
20.08.2022 14:30;682
20.08.2022 14:45;636
20.08.2022 15:00;678
20.08.2022 15:15;648
20.08.2022 15:30;639
20.08.2022 15:45;649
20.08.2022 16:00;632
20.08.2022 16:15;623
20.08.2022 16:30;630
20.08.2022 16:45;628
20.08.2022 17:00;606
20.08.2022 17:15;578
20.08.2022 17:30;538
20.08.2022 17:45;538
20.08.2022 18:00;552
20.08.2022 18:15;523
20.08.2022 18:30;516
20.08.2022 18:45;529
20.08.2022 19:00;485
20.08.2022 19:15;448
20.08.2022 19:30;394
20.08.2022 19:45;368
20.08.2022 20:00;414
20.08.2022 20:15;376
20.08.2022 20:30;321
20.08.2022 20:45;297
20.08.2022 21:00;238
20.08.2022 21:15;179
20.08.2022 21:30;148
20.08.2022 21:45;130
20.08.2022 22:00;100
20.08.2022 22:15;46
20.08.2022 22:30;17
20.08.2022 22:45;7
20.08.2022 23:00;2
20.08.2022 23:15;1
20.08.2022 23:30;1
20.08.2022 23:45;
21.08.2022 0:00;
21.08.2022 0:15;
21.08.2022 0:30;1
21.08.2022 0:45;2
21.08.2022 1:00;2
21.08.2022 1:15;3
21.08.2022 1:30;6
21.08.2022 1:45;6
21.08.2022 2:00;3
21.08.2022 2:15;7
21.08.2022 2:30;7
21.08.2022 2:45;5
21.08.2022 3:00;11
21.08.2022 3:15;15
21.08.2022 3:30;19
21.08.2022 3:45;27
21.08.2022 4:00;33
21.08.2022 4:15;28
21.08.2022 4:30;37
21.08.2022 4:45;52
21.08.2022 5:00;49
21.08.2022 5:15;48
21.08.2022 5:30;60
21.08.2022 5:45;72
21.08.2022 6:00;85
21.08.2022 6:15;87
21.08.2022 6:30;104
21.08.2022 6:45;108
21.08.2022 7:00;98
21.08.2022 7:15;119
21.08.2022 7:30;138
21.08.2022 7:45;150
21.08.2022 8:00;146
21.08.2022 8:15;155
21.08.2022 8:30;189
21.08.2022 8:45;222
21.08.2022 9:00;234
21.08.2022 9:15;269
21.08.2022 9:30;353
21.08.2022 9:45;401
21.08.2022 10:00;461
21.08.2022 10:15;522
21.08.2022 10:30;608
21.08.2022 10:45;558
21.08.2022 11:00;570
21.08.2022 11:15;745
21.08.2022 11:30;753
21.08.2022 11:45;779
21.08.2022 12:00;828
21.08.2022 12:15;791
21.08.2022 12:30;794
21.08.2022 12:45;746
21.08.2022 13:00;750
21.08.2022 13:15;807
21.08.2022 13:30;632
21.08.2022 13:45;672
21.08.2022 14:00;806
21.08.2022 14:15;724
21.08.2022 14:30;715
21.08.2022 14:45;730
21.08.2022 15:00;735
21.08.2022 15:15;777
21.08.2022 15:30;736
21.08.2022 15:45;677
21.08.2022 16:00;675
21.08.2022 16:15;632
21.08.2022 16:30;671
21.08.2022 16:45;725
21.08.2022 17:00;659
21.08.2022 17:15;589
21.08.2022 17:30;610
21.08.2022 17:45;608
21.08.2022 18:00;620
21.08.2022 18:15;619
21.08.2022 18:30;577
21.08.2022 18:45;553
21.08.2022 19:00;487
21.08.2022 19:15;401
21.08.2022 19:30;364
21.08.2022 19:45;519
21.08.2022 20:00;552
21.08.2022 20:15;369
21.08.2022 20:30;288
21.08.2022 20:45;290
21.08.2022 21:00;263
21.08.2022 21:15;207
21.08.2022 21:30;139
21.08.2022 21:45;103
21.08.2022 22:00;84
21.08.2022 22:15;42
21.08.2022 22:30;18
21.08.2022 22:45;13
21.08.2022 23:00;8
21.08.2022 23:15;4
21.08.2022 23:30;
21.08.2022 23:45;
22.08.2022 0:00;
22.08.2022 0:15;1
22.08.2022 0:30;1
22.08.2022 0:45;
22.08.2022 1:00;
22.08.2022 1:15;
22.08.2022 1:30;1
22.08.2022 1:45;4
22.08.2022 2:00;5
22.08.2022 2:15;4
22.08.2022 2:30;9
22.08.2022 2:45;14
22.08.2022 3:00;15
22.08.2022 3:15;24
22.08.2022 3:30;31
22.08.2022 3:45;31
22.08.2022 4:00;28
22.08.2022 4:15;46
22.08.2022 4:30;50
22.08.2022 4:45;34
22.08.2022 5:00;40
22.08.2022 5:15;56
22.08.2022 5:30;82
22.08.2022 5:45;88
22.08.2022 6:00;82
22.08.2022 6:15;92
22.08.2022 6:30;100
22.08.2022 6:45;111
22.08.2022 7:00;142
22.08.2022 7:15;146
22.08.2022 7:30;138
22.08.2022 7:45;164
22.08.2022 8:00;172
22.08.2022 8:15;170
22.08.2022 8:30;209
22.08.2022 8:45;246
22.08.2022 9:00;266
22.08.2022 9:15;373
22.08.2022 9:30;486
22.08.2022 9:45;484
22.08.2022 10:00;475
22.08.2022 10:15;547
22.08.2022 10:30;652
22.08.2022 10:45;730
22.08.2022 11:00;761
22.08.2022 11:15;727
22.08.2022 11:30;723
22.08.2022 11:45;729
22.08.2022 12:00;719
22.08.2022 12:15;735
22.08.2022 12:30;753
22.08.2022 12:45;694
22.08.2022 13:00;665
22.08.2022 13:15;747
22.08.2022 13:30;780
22.08.2022 13:45;733
22.08.2022 14:00;728
22.08.2022 14:15;744
22.08.2022 14:30;699
22.08.2022 14:45;688
22.08.2022 15:00;732
22.08.2022 15:15;710
22.08.2022 15:30;537
22.08.2022 15:45;534
22.08.2022 16:00;640
22.08.2022 16:15;604
22.08.2022 16:30;625
22.08.2022 16:45;657
22.08.2022 17:00;669
22.08.2022 17:15;674
22.08.2022 17:30;670
22.08.2022 17:45;661
22.08.2022 18:00;556
22.08.2022 18:15;551
22.08.2022 18:30;630
22.08.2022 18:45;689
22.08.2022 19:00;769
22.08.2022 19:15;701
22.08.2022 19:30;617
22.08.2022 19:45;564
22.08.2022 20:00;485
22.08.2022 20:15;409
22.08.2022 20:30;323
22.08.2022 20:45;280
22.08.2022 21:00;266
22.08.2022 21:15;214
22.08.2022 21:30;156
22.08.2022 21:45;99
22.08.2022 22:00;53
22.08.2022 22:15;48
22.08.2022 22:30;17
22.08.2022 22:45;3
22.08.2022 23:00;3
22.08.2022 23:15;
22.08.2022 23:30;
22.08.2022 23:45;
23.08.2022 0:00;
23.08.2022 0:15;
23.08.2022 0:30;
23.08.2022 0:45;
23.08.2022 1:00;
23.08.2022 1:15;1
23.08.2022 1:30;3
23.08.2022 1:45;4
23.08.2022 2:00;4
23.08.2022 2:15;7
23.08.2022 2:30;12
23.08.2022 2:45;10
23.08.2022 3:00;14
23.08.2022 3:15;14
23.08.2022 3:30;27
23.08.2022 3:45;40
23.08.2022 4:00;34
23.08.2022 4:15;37
23.08.2022 4:30;45
23.08.2022 4:45;60
23.08.2022 5:00;56
23.08.2022 5:15;45
23.08.2022 5:30;64
23.08.2022 5:45;77
23.08.2022 6:00;70
23.08.2022 6:15;83
23.08.2022 6:30;106
23.08.2022 6:45;115
23.08.2022 7:00;119
23.08.2022 7:15;135
23.08.2022 7:30;149
23.08.2022 7:45;139
23.08.2022 8:00;129
23.08.2022 8:15;187
23.08.2022 8:30;271
23.08.2022 8:45;297
23.08.2022 9:00;323
23.08.2022 9:15;378
23.08.2022 9:30;455
23.08.2022 9:45;505
23.08.2022 10:00;509
23.08.2022 10:15;563
23.08.2022 10:30;677
23.08.2022 10:45;752
23.08.2022 11:00;773
23.08.2022 11:15;784
23.08.2022 11:30;794
23.08.2022 11:45;808
23.08.2022 12:00;816
23.08.2022 12:15;742
23.08.2022 12:30;710
23.08.2022 12:45;749
23.08.2022 13:00;812
23.08.2022 13:15;768
23.08.2022 13:30;699
23.08.2022 13:45;756
23.08.2022 14:00;723
23.08.2022 14:15;695
23.08.2022 14:30;701
23.08.2022 14:45;694
23.08.2022 15:00;689
23.08.2022 15:15;699
23.08.2022 15:30;708
23.08.2022 15:45;652
23.08.2022 16:00;688
23.08.2022 16:15;686
23.08.2022 16:30;619
23.08.2022 16:45;638
23.08.2022 17:00;612
23.08.2022 17:15;587
23.08.2022 17:30;628
23.08.2022 17:45;546
23.08.2022 18:00;554
23.08.2022 18:15;668
23.08.2022 18:30;711
23.08.2022 18:45;785
23.08.2022 19:00;726
23.08.2022 19:15;658
23.08.2022 19:30;608
23.08.2022 19:45;499
23.08.2022 20:00;450
23.08.2022 20:15;495
23.08.2022 20:30;459
23.08.2022 20:45;419
23.08.2022 21:00;418
23.08.2022 21:15;304
23.08.2022 21:30;178
23.08.2022 21:45;130
23.08.2022 22:00;117
23.08.2022 22:15;66
23.08.2022 22:30;18
23.08.2022 22:45;1
23.08.2022 23:00;
23.08.2022 23:15;
23.08.2022 23:30;
23.08.2022 23:45;
24.08.2022 0:00;0
24.08.2022 0:15;1
24.08.2022 0:30;2
24.08.2022 0:45;1
24.08.2022 1:00;2
24.08.2022 1:15;3
24.08.2022 1:30;2
24.08.2022 1:45;1
24.08.2022 2:00;1
24.08.2022 2:15;9
24.08.2022 2:30;11
24.08.2022 2:45;7
24.08.2022 3:00;9
24.08.2022 3:15;14
24.08.2022 3:30;24
24.08.2022 3:45;27
24.08.2022 4:00;33
24.08.2022 4:15;47
24.08.2022 4:30;51
24.08.2022 4:45;65
24.08.2022 5:00;60
24.08.2022 5:15;45
24.08.2022 5:30;53
24.08.2022 5:45;67
24.08.2022 6:00;82
24.08.2022 6:15;101
24.08.2022 6:30;118
24.08.2022 6:45;121
24.08.2022 7:00;111
24.08.2022 7:15;112
24.08.2022 7:30;128
24.08.2022 7:45;118
24.08.2022 8:00;132
24.08.2022 8:15;177
24.08.2022 8:30;226
24.08.2022 8:45;254
24.08.2022 9:00;263
24.08.2022 9:15;351
24.08.2022 9:30;461
24.08.2022 9:45;510
24.08.2022 10:00;518
24.08.2022 10:15;580
24.08.2022 10:30;673
24.08.2022 10:45;764
24.08.2022 11:00;839
24.08.2022 11:15;818
24.08.2022 11:30;747
24.08.2022 11:45;717
24.08.2022 12:00;747
24.08.2022 12:15;491
24.08.2022 12:30;487
24.08.2022 12:45;746
24.08.2022 13:00;688
24.08.2022 13:15;653
24.08.2022 13:30;690
24.08.2022 13:45;745
24.08.2022 14:00;791
24.08.2022 14:15;755
24.08.2022 14:30;651
24.08.2022 14:45;603
24.08.2022 15:00;589
24.08.2022 15:15;637
24.08.2022 15:30;691
24.08.2022 15:45;737
24.08.2022 16:00;698
24.08.2022 16:15;549
24.08.2022 16:30;531
24.08.2022 16:45;654
24.08.2022 17:00;851
24.08.2022 17:15;780
24.08.2022 17:30;602
24.08.2022 17:45;603
24.08.2022 18:00;654
24.08.2022 18:15;635
24.08.2022 18:30;617
24.08.2022 18:45;666
24.08.2022 19:00;642
24.08.2022 19:15;565
24.08.2022 19:30;493
24.08.2022 19:45;486
24.08.2022 20:00;445
24.08.2022 20:15;375
24.08.2022 20:30;344
24.08.2022 20:45;314
24.08.2022 21:00;273
24.08.2022 21:15;251
24.08.2022 21:30;220
24.08.2022 21:45;151
24.08.2022 22:00;96
24.08.2022 22:15;61
24.08.2022 22:30;23
24.08.2022 22:45;5
24.08.2022 23:00;3
24.08.2022 23:15;
24.08.2022 23:30;
24.08.2022 23:45;
25.08.2022 0:00;
25.08.2022 0:15;
25.08.2022 0:30;
25.08.2022 0:45;
25.08.2022 1:00;
25.08.2022 1:15;1
25.08.2022 1:30;3
25.08.2022 1:45;3
25.08.2022 2:00;4
25.08.2022 2:15;7
25.08.2022 2:30;13
25.08.2022 2:45;19
25.08.2022 3:00;20
25.08.2022 3:15;27
25.08.2022 3:30;31
25.08.2022 3:45;33
25.08.2022 4:00;34
25.08.2022 4:15;31
25.08.2022 4:30;39
25.08.2022 4:45;52
25.08.2022 5:00;47
25.08.2022 5:15;49
25.08.2022 5:30;79
25.08.2022 5:45;82
25.08.2022 6:00;75
25.08.2022 6:15;93
25.08.2022 6:30;105
25.08.2022 6:45;134
25.08.2022 7:00;159
25.08.2022 7:15;159
25.08.2022 7:30;161
25.08.2022 7:45;164
25.08.2022 8:00;151
25.08.2022 8:15;180
25.08.2022 8:30;239
25.08.2022 8:45;261
25.08.2022 9:00;244
25.08.2022 9:15;317
25.08.2022 9:30;458
25.08.2022 9:45;478
25.08.2022 10:00;461
25.08.2022 10:15;580
25.08.2022 10:30;705
25.08.2022 10:45;752
25.08.2022 11:00;789
25.08.2022 11:15;778
25.08.2022 11:30;752
25.08.2022 11:45;758
25.08.2022 12:00;792
25.08.2022 12:15;753
25.08.2022 12:30;755
25.08.2022 12:45;776
25.08.2022 13:00;772
25.08.2022 13:15;827
25.08.2022 13:30;780
25.08.2022 13:45;700
25.08.2022 14:00;695
25.08.2022 14:15;691
25.08.2022 14:30;704
25.08.2022 14:45;720
25.08.2022 15:00;680
25.08.2022 15:15;652
25.08.2022 15:30;637
25.08.2022 15:45;634
25.08.2022 16:00;649
25.08.2022 16:15;621
25.08.2022 16:30;616
25.08.2022 16:45;624
25.08.2022 17:00;659
25.08.2022 17:15;670
25.08.2022 17:30;642
25.08.2022 17:45;609
25.08.2022 18:00;607
25.08.2022 18:15;630
25.08.2022 18:30;615
25.08.2022 18:45;599
25.08.2022 19:00;568
25.08.2022 19:15;555
25.08.2022 19:30;536
25.08.2022 19:45;494
25.08.2022 20:00;482
25.08.2022 20:15;441
25.08.2022 20:30;391
25.08.2022 20:45;367
25.08.2022 21:00;304
25.08.2022 21:15;237
25.08.2022 21:30;175
25.08.2022 21:45;120
25.08.2022 22:00;100
25.08.2022 22:15;59
25.08.2022 22:30;17
25.08.2022 22:45;11
25.08.2022 23:00;5
25.08.2022 23:15;3
25.08.2022 23:30;1
25.08.2022 23:45;5
26.08.2022 0:00;6
26.08.2022 0:15;2
26.08.2022 0:30;1
26.08.2022 0:45;
26.08.2022 1:00;
26.08.2022 1:15;2
26.08.2022 1:30;3
26.08.2022 1:45;3
26.08.2022 2:00;6
26.08.2022 2:15;7
26.08.2022 2:30;9
26.08.2022 2:45;8
26.08.2022 3:00;8
26.08.2022 3:15;11
26.08.2022 3:30;14
26.08.2022 3:45;31
26.08.2022 4:00;33
26.08.2022 4:15;28
26.08.2022 4:30;43
26.08.2022 4:45;51
26.08.2022 5:00;48
26.08.2022 5:15;64
26.08.2022 5:30;90
26.08.2022 5:45;84
26.08.2022 6:00;82
26.08.2022 6:15;105
26.08.2022 6:30;113
26.08.2022 6:45;110
26.08.2022 7:00;112
26.08.2022 7:15;124
26.08.2022 7:30;140
26.08.2022 7:45;158
26.08.2022 8:00;172
26.08.2022 8:15;197
26.08.2022 8:30;221
26.08.2022 8:45;265
26.08.2022 9:00;294
26.08.2022 9:15;381
26.08.2022 9:30;492
26.08.2022 9:45;394
26.08.2022 10:00;455
26.08.2022 10:15;657
26.08.2022 10:30;706
26.08.2022 10:45;743
26.08.2022 11:00;820
26.08.2022 11:15;854
26.08.2022 11:30;803
26.08.2022 11:45;831
26.08.2022 12:00;838
26.08.2022 12:15;771
26.08.2022 12:30;803
26.08.2022 12:45;835
26.08.2022 13:00;772
26.08.2022 13:15;746
26.08.2022 13:30;782
26.08.2022 13:45;797
26.08.2022 14:00;829
26.08.2022 14:15;793
26.08.2022 14:30;706
26.08.2022 14:45;556
26.08.2022 15:00;582
26.08.2022 15:15;771
